{
  "ABIRoot": {
    "kind": "Root",
    "name": "TopLevel",
    "printedName": "TopLevel",
    "children": [
      {
        "kind": "Import",
        "name": "Foundation",
        "printedName": "Foundation",
        "declKind": "Import",
        "moduleName": "IAR_Surface_SDK",
        "declAttributes": [
          "RawDocComment"
        ]
      },
      {
        "kind": "Import",
        "name": "SCNRecorder",
        "printedName": "SCNRecorder",
        "declKind": "Import",
        "moduleName": "IAR_Surface_SDK"
      },
      {
        "kind": "TypeDecl",
        "name": "SCNBridge",
        "printedName": "SCNBridge",
        "children": [
          {
            "kind": "Function",
            "name": "prepareView",
            "printedName": "prepareView(view:)",
            "children": [
              {
                "kind": "TypeNominal",
                "name": "Void",
                "printedName": "()"
              },
              {
                "kind": "TypeNominal",
                "name": "SCNView",
                "printedName": "SceneKit.SCNView",
                "usr": "c:objc(cs)SCNView"
              }
            ],
            "declKind": "Func",
            "usr": "s:15IAR_Surface_SDK9SCNBridgeC11prepareView4viewySo7SCNViewC_tFZ",
            "mangledName": "$s15IAR_Surface_SDK9SCNBridgeC11prepareView4viewySo7SCNViewC_tFZ",
            "moduleName": "IAR_Surface_SDK",
            "static": true,
            "declAttributes": [
              "Final",
              "AccessControl"
            ],
            "funcSelfKind": "NonMutating"
          },
          {
            "kind": "Function",
            "name": "startRecording",
            "printedName": "startRecording(view:)",
            "children": [
              {
                "kind": "TypeNominal",
                "name": "Void",
                "printedName": "()"
              },
              {
                "kind": "TypeNominal",
                "name": "SCNView",
                "printedName": "SceneKit.SCNView",
                "usr": "c:objc(cs)SCNView"
              }
            ],
            "declKind": "Func",
            "usr": "s:15IAR_Surface_SDK9SCNBridgeC14startRecording4viewySo7SCNViewC_tKFZ",
            "mangledName": "$s15IAR_Surface_SDK9SCNBridgeC14startRecording4viewySo7SCNViewC_tKFZ",
            "moduleName": "IAR_Surface_SDK",
            "static": true,
            "declAttributes": [
              "Final",
              "AccessControl"
            ],
            "throwing": true,
            "funcSelfKind": "NonMutating"
          },
          {
            "kind": "Function",
            "name": "finishRecording",
            "printedName": "finishRecording(view:completionHandler:)",
            "children": [
              {
                "kind": "TypeNominal",
                "name": "Void",
                "printedName": "()"
              },
              {
                "kind": "TypeNominal",
                "name": "SCNView",
                "printedName": "SceneKit.SCNView",
                "usr": "c:objc(cs)SCNView"
              },
              {
                "kind": "TypeFunc",
                "name": "Function",
                "printedName": "(Foundation.URL) -> ()",
                "children": [
                  {
                    "kind": "TypeNominal",
                    "name": "Void",
                    "printedName": "()"
                  },
                  {
                    "kind": "TypeNominal",
                    "name": "URL",
                    "printedName": "Foundation.URL",
                    "usr": "s:10Foundation3URLV"
                  }
                ]
              }
            ],
            "declKind": "Func",
            "usr": "s:15IAR_Surface_SDK9SCNBridgeC15finishRecording4view17completionHandlerySo7SCNViewC_y10Foundation3URLVctFZ",
            "mangledName": "$s15IAR_Surface_SDK9SCNBridgeC15finishRecording4view17completionHandlerySo7SCNViewC_y10Foundation3URLVctFZ",
            "moduleName": "IAR_Surface_SDK",
            "static": true,
            "declAttributes": [
              "Final",
              "AccessControl"
            ],
            "funcSelfKind": "NonMutating"
          }
        ],
        "declKind": "Class",
        "usr": "s:15IAR_Surface_SDK9SCNBridgeC",
        "mangledName": "$s15IAR_Surface_SDK9SCNBridgeC",
        "moduleName": "IAR_Surface_SDK",
        "declAttributes": [
          "AccessControl",
          "RawDocComment"
        ],
        "hasMissingDesignatedInitializers": true
      },
      {
        "kind": "Import",
        "name": "Foundation",
        "printedName": "Foundation",
        "declKind": "Import",
        "moduleName": "IAR_Surface_SDK",
        "declAttributes": [
          "RawDocComment"
        ]
      },
      {
        "kind": "Import",
        "name": "ARKit",
        "printedName": "ARKit",
        "declKind": "Import",
        "moduleName": "IAR_Surface_SDK"
      },
      {
        "kind": "TypeDecl",
        "name": "DebugPlane",
        "printedName": "DebugPlane",
        "children": [
          {
            "kind": "Function",
            "name": "descriptionForAnchor",
            "printedName": "descriptionForAnchor(anchor:)",
            "children": [
              {
                "kind": "TypeNominal",
                "name": "String",
                "printedName": "Swift.String",
                "usr": "s:SS"
              },
              {
                "kind": "TypeNominal",
                "name": "ARPlaneAnchor",
                "printedName": "ARKit.ARPlaneAnchor",
                "usr": "c:objc(cs)ARPlaneAnchor"
              }
            ],
            "declKind": "Func",
            "usr": "c:@M@IAR_Surface_SDK@objc(cs)DebugPlane(cm)descriptionForAnchorWithAnchor:",
            "mangledName": "$s15IAR_Surface_SDK10DebugPlaneC20descriptionForAnchor6anchorSSSo07ARPlaneH0C_tFZ",
            "moduleName": "IAR_Surface_SDK",
            "static": true,
            "objc_name": "descriptionForAnchorWithAnchor:",
            "declAttributes": [
              "Final",
              "Custom",
              "AccessControl",
              "ObjC"
            ],
            "funcSelfKind": "NonMutating"
          },
          {
            "kind": "Function",
            "name": "centerAlignNode",
            "printedName": "centerAlignNode(classificationNode:)",
            "children": [
              {
                "kind": "TypeNominal",
                "name": "Void",
                "printedName": "()"
              },
              {
                "kind": "TypeNominal",
                "name": "SCNNode",
                "printedName": "SceneKit.SCNNode",
                "usr": "c:objc(cs)SCNNode"
              }
            ],
            "declKind": "Func",
            "usr": "c:@M@IAR_Surface_SDK@objc(cs)DebugPlane(cm)centerAlignNodeWithClassificationNode:",
            "mangledName": "$s15IAR_Surface_SDK10DebugPlaneC15centerAlignNode014classificationH0ySo7SCNNodeC_tFZ",
            "moduleName": "IAR_Surface_SDK",
            "static": true,
            "objc_name": "centerAlignNodeWithClassificationNode:",
            "declAttributes": [
              "Final",
              "Custom",
              "AccessControl",
              "ObjC"
            ],
            "funcSelfKind": "NonMutating"
          },
          {
            "kind": "Var",
            "name": "meshNode",
            "printedName": "meshNode",
            "children": [
              {
                "kind": "TypeNominal",
                "name": "SCNNode",
                "printedName": "SceneKit.SCNNode",
                "usr": "c:objc(cs)SCNNode"
              }
            ],
            "declKind": "Var",
            "usr": "c:@M@IAR_Surface_SDK@objc(cs)DebugPlane(py)meshNode",
            "mangledName": "$s15IAR_Surface_SDK10DebugPlaneC8meshNodeSo7SCNNodeCvp",
            "moduleName": "IAR_Surface_SDK",
            "declAttributes": [
              "Final",
              "Custom",
              "HasStorage",
              "AccessControl",
              "ObjC"
            ],
            "isLet": true,
            "hasStorage": true,
            "accessors": [
              {
                "kind": "Accessor",
                "name": "Get",
                "printedName": "Get()",
                "children": [
                  {
                    "kind": "TypeNominal",
                    "name": "SCNNode",
                    "printedName": "SceneKit.SCNNode",
                    "usr": "c:objc(cs)SCNNode"
                  }
                ],
                "declKind": "Accessor",
                "usr": "c:@M@IAR_Surface_SDK@objc(cs)DebugPlane(im)meshNode",
                "mangledName": "$s15IAR_Surface_SDK10DebugPlaneC8meshNodeSo7SCNNodeCvg",
                "moduleName": "IAR_Surface_SDK",
                "implicit": true,
                "declAttributes": [
                  "Final",
                  "ObjC"
                ],
                "accessorKind": "get"
              }
            ]
          },
          {
            "kind": "Var",
            "name": "extentNode",
            "printedName": "extentNode",
            "children": [
              {
                "kind": "TypeNominal",
                "name": "SCNNode",
                "printedName": "SceneKit.SCNNode",
                "usr": "c:objc(cs)SCNNode"
              }
            ],
            "declKind": "Var",
            "usr": "c:@M@IAR_Surface_SDK@objc(cs)DebugPlane(py)extentNode",
            "mangledName": "$s15IAR_Surface_SDK10DebugPlaneC10extentNodeSo7SCNNodeCvp",
            "moduleName": "IAR_Surface_SDK",
            "declAttributes": [
              "Final",
              "Custom",
              "HasStorage",
              "AccessControl",
              "ObjC"
            ],
            "isLet": true,
            "hasStorage": true,
            "accessors": [
              {
                "kind": "Accessor",
                "name": "Get",
                "printedName": "Get()",
                "children": [
                  {
                    "kind": "TypeNominal",
                    "name": "SCNNode",
                    "printedName": "SceneKit.SCNNode",
                    "usr": "c:objc(cs)SCNNode"
                  }
                ],
                "declKind": "Accessor",
                "usr": "c:@M@IAR_Surface_SDK@objc(cs)DebugPlane(im)extentNode",
                "mangledName": "$s15IAR_Surface_SDK10DebugPlaneC10extentNodeSo7SCNNodeCvg",
                "moduleName": "IAR_Surface_SDK",
                "implicit": true,
                "declAttributes": [
                  "Final",
                  "ObjC"
                ],
                "accessorKind": "get"
              }
            ]
          },
          {
            "kind": "Var",
            "name": "classificationNode",
            "printedName": "classificationNode",
            "children": [
              {
                "kind": "TypeNominal",
                "name": "Optional",
                "printedName": "SceneKit.SCNNode?",
                "children": [
                  {
                    "kind": "TypeNominal",
                    "name": "SCNNode",
                    "printedName": "SceneKit.SCNNode",
                    "usr": "c:objc(cs)SCNNode"
                  }
                ],
                "usr": "s:Sq"
              }
            ],
            "declKind": "Var",
            "usr": "c:@M@IAR_Surface_SDK@objc(cs)DebugPlane(py)classificationNode",
            "mangledName": "$s15IAR_Surface_SDK10DebugPlaneC18classificationNodeSo7SCNNodeCSgvp",
            "moduleName": "IAR_Surface_SDK",
            "declAttributes": [
              "HasInitialValue",
              "Custom",
              "HasStorage",
              "AccessControl",
              "ObjC"
            ],
            "hasStorage": true,
            "accessors": [
              {
                "kind": "Accessor",
                "name": "Get",
                "printedName": "Get()",
                "children": [
                  {
                    "kind": "TypeNominal",
                    "name": "Optional",
                    "printedName": "SceneKit.SCNNode?",
                    "children": [
                      {
                        "kind": "TypeNominal",
                        "name": "SCNNode",
                        "printedName": "SceneKit.SCNNode",
                        "usr": "c:objc(cs)SCNNode"
                      }
                    ],
                    "usr": "s:Sq"
                  }
                ],
                "declKind": "Accessor",
                "usr": "c:@M@IAR_Surface_SDK@objc(cs)DebugPlane(im)classificationNode",
                "mangledName": "$s15IAR_Surface_SDK10DebugPlaneC18classificationNodeSo7SCNNodeCSgvg",
                "moduleName": "IAR_Surface_SDK",
                "implicit": true,
                "declAttributes": [
                  "ObjC"
                ],
                "accessorKind": "get"
              },
              {
                "kind": "Accessor",
                "name": "Set",
                "printedName": "Set()",
                "children": [
                  {
                    "kind": "TypeNominal",
                    "name": "Void",
                    "printedName": "()"
                  },
                  {
                    "kind": "TypeNominal",
                    "name": "Optional",
                    "printedName": "SceneKit.SCNNode?",
                    "children": [
                      {
                        "kind": "TypeNominal",
                        "name": "SCNNode",
                        "printedName": "SceneKit.SCNNode",
                        "usr": "c:objc(cs)SCNNode"
                      }
                    ],
                    "usr": "s:Sq"
                  }
                ],
                "declKind": "Accessor",
                "usr": "c:@M@IAR_Surface_SDK@objc(cs)DebugPlane(im)setClassificationNode:",
                "mangledName": "$s15IAR_Surface_SDK10DebugPlaneC18classificationNodeSo7SCNNodeCSgvs",
                "moduleName": "IAR_Surface_SDK",
                "implicit": true,
                "declAttributes": [
                  "ObjC"
                ],
                "accessorKind": "set"
              },
              {
                "kind": "Accessor",
                "name": "Modify",
                "printedName": "Modify()",
                "children": [
                  {
                    "kind": "TypeNominal",
                    "name": "Void",
                    "printedName": "()"
                  }
                ],
                "declKind": "Accessor",
                "usr": "s:15IAR_Surface_SDK10DebugPlaneC18classificationNodeSo7SCNNodeCSgvM",
                "mangledName": "$s15IAR_Surface_SDK10DebugPlaneC18classificationNodeSo7SCNNodeCSgvM",
                "moduleName": "IAR_Surface_SDK",
                "implicit": true,
                "accessorKind": "_modify"
              }
            ]
          },
          {
            "kind": "Constructor",
            "name": "init",
            "printedName": "init(anchor:in:)",
            "children": [
              {
                "kind": "TypeNominal",
                "name": "DebugPlane",
                "printedName": "IAR_Surface_SDK.DebugPlane",
                "usr": "c:@M@IAR_Surface_SDK@objc(cs)DebugPlane"
              },
              {
                "kind": "TypeNominal",
                "name": "ARPlaneAnchor",
                "printedName": "ARKit.ARPlaneAnchor",
                "usr": "c:objc(cs)ARPlaneAnchor"
              },
              {
                "kind": "TypeNominal",
                "name": "ARSCNView",
                "printedName": "ARKit.ARSCNView",
                "usr": "c:objc(cs)ARSCNView"
              }
            ],
            "declKind": "Constructor",
            "usr": "c:@M@IAR_Surface_SDK@objc(cs)DebugPlane(im)initWithAnchor:in:",
            "mangledName": "$s15IAR_Surface_SDK10DebugPlaneC6anchor2inACSo13ARPlaneAnchorC_So9ARSCNViewCtcfc",
            "moduleName": "IAR_Surface_SDK",
            "objc_name": "initWithAnchor:in:",
            "declAttributes": [
              "Custom",
              "AccessControl",
              "ObjC",
              "RawDocComment"
            ],
            "init_kind": "Designated"
          },
          {
            "kind": "Constructor",
            "name": "init",
            "printedName": "init()",
            "children": [
              {
                "kind": "TypeNominal",
                "name": "DebugPlane",
                "printedName": "IAR_Surface_SDK.DebugPlane",
                "usr": "c:@M@IAR_Surface_SDK@objc(cs)DebugPlane"
              }
            ],
            "declKind": "Constructor",
            "usr": "c:@M@IAR_Surface_SDK@objc(cs)DebugPlane(im)init",
            "mangledName": "$s15IAR_Surface_SDK10DebugPlaneCACycfc",
            "moduleName": "IAR_Surface_SDK",
            "overriding": true,
            "implicit": true,
            "objc_name": "init",
            "declAttributes": [
              "Dynamic",
              "ObjC",
              "Custom",
              "Override"
            ],
            "init_kind": "Designated"
          }
        ],
        "declKind": "Class",
        "usr": "c:@M@IAR_Surface_SDK@objc(cs)DebugPlane",
        "mangledName": "$s15IAR_Surface_SDK10DebugPlaneC",
        "moduleName": "IAR_Surface_SDK",
        "declAttributes": [
          "Custom",
          "AccessControl",
          "ObjC"
        ],
        "superclassUsr": "c:objc(cs)SCNNode",
        "hasMissingDesignatedInitializers": true,
        "superclassNames": [
          "SceneKit.SCNNode",
          "ObjectiveC.NSObject"
        ],
        "conformances": [
          {
            "kind": "Conformance",
            "name": "Equatable",
            "printedName": "Equatable",
            "usr": "s:SQ",
            "mangledName": "$sSQ"
          },
          {
            "kind": "Conformance",
            "name": "Hashable",
            "printedName": "Hashable",
            "usr": "s:SH",
            "mangledName": "$sSH"
          },
          {
            "kind": "Conformance",
            "name": "CVarArg",
            "printedName": "CVarArg",
            "usr": "s:s7CVarArgP",
            "mangledName": "$ss7CVarArgP"
          },
          {
            "kind": "Conformance",
            "name": "_KeyValueCodingAndObservingPublishing",
            "printedName": "_KeyValueCodingAndObservingPublishing",
            "usr": "s:10Foundation37_KeyValueCodingAndObservingPublishingP",
            "mangledName": "$s10Foundation37_KeyValueCodingAndObservingPublishingP"
          },
          {
            "kind": "Conformance",
            "name": "_KeyValueCodingAndObserving",
            "printedName": "_KeyValueCodingAndObserving",
            "usr": "s:10Foundation27_KeyValueCodingAndObservingP",
            "mangledName": "$s10Foundation27_KeyValueCodingAndObservingP"
          },
          {
            "kind": "Conformance",
            "name": "CustomStringConvertible",
            "printedName": "CustomStringConvertible",
            "usr": "s:s23CustomStringConvertibleP",
            "mangledName": "$ss23CustomStringConvertibleP"
          },
          {
            "kind": "Conformance",
            "name": "CustomDebugStringConvertible",
            "printedName": "CustomDebugStringConvertible",
            "usr": "s:s28CustomDebugStringConvertibleP",
            "mangledName": "$ss28CustomDebugStringConvertibleP"
          }
        ]
      },
      {
        "kind": "Import",
        "name": "Foundation",
        "printedName": "Foundation",
        "declKind": "Import",
        "moduleName": "IAR_Surface_SDK",
        "declAttributes": [
          "RawDocComment"
        ]
      },
      {
        "kind": "TypeDecl",
        "name": "ChromaComposition",
        "printedName": "ChromaComposition",
        "children": [
          {
            "kind": "Function",
            "name": "createCompositionWithCIFilter",
            "printedName": "createCompositionWithCIFilter(videoSize:asset:)",
            "children": [
              {
                "kind": "TypeNominal",
                "name": "AVVideoComposition",
                "printedName": "AVFoundation.AVVideoComposition",
                "usr": "c:objc(cs)AVVideoComposition"
              },
              {
                "kind": "TypeNominal",
                "name": "CGSize",
                "printedName": "CoreFoundation.CGSize",
                "usr": "c:@S@CGSize"
              },
              {
                "kind": "TypeNominal",
                "name": "AVAsset",
                "printedName": "AVFoundation.AVAsset",
                "usr": "c:objc(cs)AVAsset"
              }
            ],
            "declKind": "Func",
            "usr": "c:@M@IAR_Surface_SDK@objc(cs)ChromaComposition(cm)createCompositionWithCIFilterWithVideoSize:asset:",
            "mangledName": "$s15IAR_Surface_SDK17ChromaCompositionC06createE12WithCIFilter9videoSize5assetSo07AVVideoE0CSo6CGSizeV_So7AVAssetCtFZ",
            "moduleName": "IAR_Surface_SDK",
            "static": true,
            "objc_name": "createCompositionWithCIFilterWithVideoSize:asset:",
            "declAttributes": [
              "Final",
              "AccessControl",
              "ObjC"
            ],
            "funcSelfKind": "NonMutating"
          },
          {
            "kind": "Function",
            "name": "colorCubeFilterForChromaKey",
            "printedName": "colorCubeFilterForChromaKey(hueAngle:)",
            "children": [
              {
                "kind": "TypeNominal",
                "name": "CIFilter",
                "printedName": "CoreImage.CIFilter",
                "usr": "c:objc(cs)CIFilter"
              },
              {
                "kind": "TypeNominal",
                "name": "Float",
                "printedName": "Swift.Float",
                "usr": "s:Sf"
              }
            ],
            "declKind": "Func",
            "usr": "c:@M@IAR_Surface_SDK@objc(cs)ChromaComposition(cm)colorCubeFilterForChromaKeyWithHueAngle:",
            "mangledName": "$s15IAR_Surface_SDK17ChromaCompositionC018colorCubeFilterForD3Key8hueAngleSo8CIFilterCSf_tFZ",
            "moduleName": "IAR_Surface_SDK",
            "static": true,
            "objc_name": "colorCubeFilterForChromaKeyWithHueAngle:",
            "declAttributes": [
              "Final",
              "AccessControl",
              "ObjC"
            ],
            "funcSelfKind": "NonMutating"
          },
          {
            "kind": "Constructor",
            "name": "init",
            "printedName": "init()",
            "children": [
              {
                "kind": "TypeNominal",
                "name": "ChromaComposition",
                "printedName": "IAR_Surface_SDK.ChromaComposition",
                "usr": "c:@M@IAR_Surface_SDK@objc(cs)ChromaComposition"
              }
            ],
            "declKind": "Constructor",
            "usr": "c:@M@IAR_Surface_SDK@objc(cs)ChromaComposition(im)init",
            "mangledName": "$s15IAR_Surface_SDK17ChromaCompositionCACycfc",
            "moduleName": "IAR_Surface_SDK",
            "overriding": true,
            "implicit": true,
            "objc_name": "init",
            "declAttributes": [
              "Dynamic",
              "ObjC",
              "Override"
            ],
            "init_kind": "Designated"
          }
        ],
        "declKind": "Class",
        "usr": "c:@M@IAR_Surface_SDK@objc(cs)ChromaComposition",
        "mangledName": "$s15IAR_Surface_SDK17ChromaCompositionC",
        "moduleName": "IAR_Surface_SDK",
        "declAttributes": [
          "AccessControl",
          "ObjC"
        ],
        "superclassUsr": "c:objc(cs)NSObject",
        "inheritsConvenienceInitializers": true,
        "superclassNames": [
          "ObjectiveC.NSObject"
        ],
        "conformances": [
          {
            "kind": "Conformance",
            "name": "Equatable",
            "printedName": "Equatable",
            "usr": "s:SQ",
            "mangledName": "$sSQ"
          },
          {
            "kind": "Conformance",
            "name": "Hashable",
            "printedName": "Hashable",
            "usr": "s:SH",
            "mangledName": "$sSH"
          },
          {
            "kind": "Conformance",
            "name": "CVarArg",
            "printedName": "CVarArg",
            "usr": "s:s7CVarArgP",
            "mangledName": "$ss7CVarArgP"
          },
          {
            "kind": "Conformance",
            "name": "_KeyValueCodingAndObservingPublishing",
            "printedName": "_KeyValueCodingAndObservingPublishing",
            "usr": "s:10Foundation37_KeyValueCodingAndObservingPublishingP",
            "mangledName": "$s10Foundation37_KeyValueCodingAndObservingPublishingP"
          },
          {
            "kind": "Conformance",
            "name": "_KeyValueCodingAndObserving",
            "printedName": "_KeyValueCodingAndObserving",
            "usr": "s:10Foundation27_KeyValueCodingAndObservingP",
            "mangledName": "$s10Foundation27_KeyValueCodingAndObservingP"
          },
          {
            "kind": "Conformance",
            "name": "CustomStringConvertible",
            "printedName": "CustomStringConvertible",
            "usr": "s:s23CustomStringConvertibleP",
            "mangledName": "$ss23CustomStringConvertibleP"
          },
          {
            "kind": "Conformance",
            "name": "CustomDebugStringConvertible",
            "printedName": "CustomDebugStringConvertible",
            "usr": "s:s28CustomDebugStringConvertibleP",
            "mangledName": "$ss28CustomDebugStringConvertibleP"
          }
        ]
      },
      {
        "kind": "Import",
        "name": "SceneKit",
        "printedName": "SceneKit",
        "declKind": "Import",
        "moduleName": "IAR_Surface_SDK",
        "declAttributes": [
          "RawDocComment"
        ]
      },
      {
        "kind": "TypeDecl",
        "name": "ChromaKeyMaterial",
        "printedName": "ChromaKeyMaterial",
        "children": [
          {
            "kind": "Var",
            "name": "backgroundColor",
            "printedName": "backgroundColor",
            "children": [
              {
                "kind": "TypeNominal",
                "name": "UIColor",
                "printedName": "UIKit.UIColor",
                "usr": "c:objc(cs)UIColor"
              }
            ],
            "declKind": "Var",
            "usr": "s:15IAR_Surface_SDK17ChromaKeyMaterialC15backgroundColorSo7UIColorCvp",
            "mangledName": "$s15IAR_Surface_SDK17ChromaKeyMaterialC15backgroundColorSo7UIColorCvp",
            "moduleName": "IAR_Surface_SDK",
            "declAttributes": [
              "HasStorage",
              "AccessControl"
            ],
            "hasStorage": true,
            "accessors": [
              {
                "kind": "Accessor",
                "name": "Get",
                "printedName": "Get()",
                "children": [
                  {
                    "kind": "TypeNominal",
                    "name": "UIColor",
                    "printedName": "UIKit.UIColor",
                    "usr": "c:objc(cs)UIColor"
                  }
                ],
                "declKind": "Accessor",
                "usr": "s:15IAR_Surface_SDK17ChromaKeyMaterialC15backgroundColorSo7UIColorCvg",
                "mangledName": "$s15IAR_Surface_SDK17ChromaKeyMaterialC15backgroundColorSo7UIColorCvg",
                "moduleName": "IAR_Surface_SDK",
                "implicit": true,
                "accessorKind": "get"
              },
              {
                "kind": "Accessor",
                "name": "Set",
                "printedName": "Set()",
                "children": [
                  {
                    "kind": "TypeNominal",
                    "name": "Void",
                    "printedName": "()"
                  },
                  {
                    "kind": "TypeNominal",
                    "name": "UIColor",
                    "printedName": "UIKit.UIColor",
                    "usr": "c:objc(cs)UIColor"
                  }
                ],
                "declKind": "Accessor",
                "usr": "s:15IAR_Surface_SDK17ChromaKeyMaterialC15backgroundColorSo7UIColorCvs",
                "mangledName": "$s15IAR_Surface_SDK17ChromaKeyMaterialC15backgroundColorSo7UIColorCvs",
                "moduleName": "IAR_Surface_SDK",
                "implicit": true,
                "accessorKind": "set"
              },
              {
                "kind": "Accessor",
                "name": "Modify",
                "printedName": "Modify()",
                "children": [
                  {
                    "kind": "TypeNominal",
                    "name": "Void",
                    "printedName": "()"
                  }
                ],
                "declKind": "Accessor",
                "usr": "s:15IAR_Surface_SDK17ChromaKeyMaterialC15backgroundColorSo7UIColorCvM",
                "mangledName": "$s15IAR_Surface_SDK17ChromaKeyMaterialC15backgroundColorSo7UIColorCvM",
                "moduleName": "IAR_Surface_SDK",
                "implicit": true,
                "accessorKind": "_modify"
              }
            ]
          },
          {
            "kind": "Var",
            "name": "thresholdSensitivity",
            "printedName": "thresholdSensitivity",
            "children": [
              {
                "kind": "TypeNominal",
                "name": "Float",
                "printedName": "Swift.Float",
                "usr": "s:Sf"
              }
            ],
            "declKind": "Var",
            "usr": "s:15IAR_Surface_SDK17ChromaKeyMaterialC20thresholdSensitivitySfvp",
            "mangledName": "$s15IAR_Surface_SDK17ChromaKeyMaterialC20thresholdSensitivitySfvp",
            "moduleName": "IAR_Surface_SDK",
            "declAttributes": [
              "HasStorage",
              "AccessControl"
            ],
            "hasStorage": true,
            "accessors": [
              {
                "kind": "Accessor",
                "name": "Get",
                "printedName": "Get()",
                "children": [
                  {
                    "kind": "TypeNominal",
                    "name": "Float",
                    "printedName": "Swift.Float",
                    "usr": "s:Sf"
                  }
                ],
                "declKind": "Accessor",
                "usr": "s:15IAR_Surface_SDK17ChromaKeyMaterialC20thresholdSensitivitySfvg",
                "mangledName": "$s15IAR_Surface_SDK17ChromaKeyMaterialC20thresholdSensitivitySfvg",
                "moduleName": "IAR_Surface_SDK",
                "implicit": true,
                "accessorKind": "get"
              },
              {
                "kind": "Accessor",
                "name": "Set",
                "printedName": "Set()",
                "children": [
                  {
                    "kind": "TypeNominal",
                    "name": "Void",
                    "printedName": "()"
                  },
                  {
                    "kind": "TypeNominal",
                    "name": "Float",
                    "printedName": "Swift.Float",
                    "usr": "s:Sf"
                  }
                ],
                "declKind": "Accessor",
                "usr": "s:15IAR_Surface_SDK17ChromaKeyMaterialC20thresholdSensitivitySfvs",
                "mangledName": "$s15IAR_Surface_SDK17ChromaKeyMaterialC20thresholdSensitivitySfvs",
                "moduleName": "IAR_Surface_SDK",
                "implicit": true,
                "accessorKind": "set"
              },
              {
                "kind": "Accessor",
                "name": "Modify",
                "printedName": "Modify()",
                "children": [
                  {
                    "kind": "TypeNominal",
                    "name": "Void",
                    "printedName": "()"
                  }
                ],
                "declKind": "Accessor",
                "usr": "s:15IAR_Surface_SDK17ChromaKeyMaterialC20thresholdSensitivitySfvM",
                "mangledName": "$s15IAR_Surface_SDK17ChromaKeyMaterialC20thresholdSensitivitySfvM",
                "moduleName": "IAR_Surface_SDK",
                "implicit": true,
                "accessorKind": "_modify"
              }
            ]
          },
          {
            "kind": "Var",
            "name": "smoothing",
            "printedName": "smoothing",
            "children": [
              {
                "kind": "TypeNominal",
                "name": "Float",
                "printedName": "Swift.Float",
                "usr": "s:Sf"
              }
            ],
            "declKind": "Var",
            "usr": "s:15IAR_Surface_SDK17ChromaKeyMaterialC9smoothingSfvp",
            "mangledName": "$s15IAR_Surface_SDK17ChromaKeyMaterialC9smoothingSfvp",
            "moduleName": "IAR_Surface_SDK",
            "declAttributes": [
              "HasStorage",
              "AccessControl"
            ],
            "hasStorage": true,
            "accessors": [
              {
                "kind": "Accessor",
                "name": "Get",
                "printedName": "Get()",
                "children": [
                  {
                    "kind": "TypeNominal",
                    "name": "Float",
                    "printedName": "Swift.Float",
                    "usr": "s:Sf"
                  }
                ],
                "declKind": "Accessor",
                "usr": "s:15IAR_Surface_SDK17ChromaKeyMaterialC9smoothingSfvg",
                "mangledName": "$s15IAR_Surface_SDK17ChromaKeyMaterialC9smoothingSfvg",
                "moduleName": "IAR_Surface_SDK",
                "implicit": true,
                "accessorKind": "get"
              },
              {
                "kind": "Accessor",
                "name": "Set",
                "printedName": "Set()",
                "children": [
                  {
                    "kind": "TypeNominal",
                    "name": "Void",
                    "printedName": "()"
                  },
                  {
                    "kind": "TypeNominal",
                    "name": "Float",
                    "printedName": "Swift.Float",
                    "usr": "s:Sf"
                  }
                ],
                "declKind": "Accessor",
                "usr": "s:15IAR_Surface_SDK17ChromaKeyMaterialC9smoothingSfvs",
                "mangledName": "$s15IAR_Surface_SDK17ChromaKeyMaterialC9smoothingSfvs",
                "moduleName": "IAR_Surface_SDK",
                "implicit": true,
                "accessorKind": "set"
              },
              {
                "kind": "Accessor",
                "name": "Modify",
                "printedName": "Modify()",
                "children": [
                  {
                    "kind": "TypeNominal",
                    "name": "Void",
                    "printedName": "()"
                  }
                ],
                "declKind": "Accessor",
                "usr": "s:15IAR_Surface_SDK17ChromaKeyMaterialC9smoothingSfvM",
                "mangledName": "$s15IAR_Surface_SDK17ChromaKeyMaterialC9smoothingSfvM",
                "moduleName": "IAR_Surface_SDK",
                "implicit": true,
                "accessorKind": "_modify"
              }
            ]
          },
          {
            "kind": "Constructor",
            "name": "init",
            "printedName": "init(backgroundColor:thresholdSensitivity:smoothing:)",
            "children": [
              {
                "kind": "TypeNominal",
                "name": "ChromaKeyMaterial",
                "printedName": "IAR_Surface_SDK.ChromaKeyMaterial",
                "usr": "c:@M@IAR_Surface_SDK@objc(cs)ChromaKeyMaterial"
              },
              {
                "kind": "TypeNominal",
                "name": "UIColor",
                "printedName": "UIKit.UIColor",
                "hasDefaultArg": true,
                "usr": "c:objc(cs)UIColor"
              },
              {
                "kind": "TypeNominal",
                "name": "Float",
                "printedName": "Swift.Float",
                "hasDefaultArg": true,
                "usr": "s:Sf"
              },
              {
                "kind": "TypeNominal",
                "name": "Float",
                "printedName": "Swift.Float",
                "hasDefaultArg": true,
                "usr": "s:Sf"
              }
            ],
            "declKind": "Constructor",
            "usr": "c:@M@IAR_Surface_SDK@objc(cs)ChromaKeyMaterial(im)initWithBackgroundColor:thresholdSensitivity:smoothing:",
            "mangledName": "$s15IAR_Surface_SDK17ChromaKeyMaterialC15backgroundColor20thresholdSensitivity9smoothingACSo7UIColorC_S2ftcfc",
            "moduleName": "IAR_Surface_SDK",
            "objc_name": "initWithBackgroundColor:thresholdSensitivity:smoothing:",
            "declAttributes": [
              "AccessControl",
              "ObjC"
            ],
            "init_kind": "Designated"
          },
          {
            "kind": "Constructor",
            "name": "init",
            "printedName": "init(coder:)",
            "children": [
              {
                "kind": "TypeNominal",
                "name": "Optional",
                "printedName": "IAR_Surface_SDK.ChromaKeyMaterial?",
                "children": [
                  {
                    "kind": "TypeNominal",
                    "name": "ChromaKeyMaterial",
                    "printedName": "IAR_Surface_SDK.ChromaKeyMaterial",
                    "usr": "c:@M@IAR_Surface_SDK@objc(cs)ChromaKeyMaterial"
                  }
                ],
                "usr": "s:Sq"
              },
              {
                "kind": "TypeNominal",
                "name": "NSCoder",
                "printedName": "Foundation.NSCoder",
                "usr": "c:objc(cs)NSCoder"
              }
            ],
            "declKind": "Constructor",
            "usr": "c:@M@IAR_Surface_SDK@objc(cs)ChromaKeyMaterial(im)initWithCoder:",
            "mangledName": "$s15IAR_Surface_SDK17ChromaKeyMaterialC5coderACSgSo7NSCoderC_tcfc",
            "moduleName": "IAR_Surface_SDK",
            "overriding": true,
            "objc_name": "initWithCoder:",
            "declAttributes": [
              "Dynamic",
              "ObjC",
              "AccessControl",
              "Required"
            ],
            "init_kind": "Designated"
          },
          {
            "kind": "Constructor",
            "name": "init",
            "printedName": "init()",
            "children": [
              {
                "kind": "TypeNominal",
                "name": "ChromaKeyMaterial",
                "printedName": "IAR_Surface_SDK.ChromaKeyMaterial",
                "usr": "c:@M@IAR_Surface_SDK@objc(cs)ChromaKeyMaterial"
              }
            ],
            "declKind": "Constructor",
            "usr": "c:@M@IAR_Surface_SDK@objc(cs)ChromaKeyMaterial(im)init",
            "mangledName": "$s15IAR_Surface_SDK17ChromaKeyMaterialCACycfc",
            "moduleName": "IAR_Surface_SDK",
            "overriding": true,
            "implicit": true,
            "objc_name": "init",
            "declAttributes": [
              "Dynamic",
              "ObjC",
              "Override"
            ],
            "init_kind": "Designated"
          }
        ],
        "declKind": "Class",
        "usr": "c:@M@IAR_Surface_SDK@objc(cs)ChromaKeyMaterial",
        "mangledName": "$s15IAR_Surface_SDK17ChromaKeyMaterialC",
        "moduleName": "IAR_Surface_SDK",
        "declAttributes": [
          "AccessControl",
          "ObjC"
        ],
        "superclassUsr": "c:objc(cs)SCNMaterial",
        "superclassNames": [
          "SceneKit.SCNMaterial",
          "ObjectiveC.NSObject"
        ],
        "conformances": [
          {
            "kind": "Conformance",
            "name": "Equatable",
            "printedName": "Equatable",
            "usr": "s:SQ",
            "mangledName": "$sSQ"
          },
          {
            "kind": "Conformance",
            "name": "Hashable",
            "printedName": "Hashable",
            "usr": "s:SH",
            "mangledName": "$sSH"
          },
          {
            "kind": "Conformance",
            "name": "CVarArg",
            "printedName": "CVarArg",
            "usr": "s:s7CVarArgP",
            "mangledName": "$ss7CVarArgP"
          },
          {
            "kind": "Conformance",
            "name": "_KeyValueCodingAndObservingPublishing",
            "printedName": "_KeyValueCodingAndObservingPublishing",
            "usr": "s:10Foundation37_KeyValueCodingAndObservingPublishingP",
            "mangledName": "$s10Foundation37_KeyValueCodingAndObservingPublishingP"
          },
          {
            "kind": "Conformance",
            "name": "_KeyValueCodingAndObserving",
            "printedName": "_KeyValueCodingAndObserving",
            "usr": "s:10Foundation27_KeyValueCodingAndObservingP",
            "mangledName": "$s10Foundation27_KeyValueCodingAndObservingP"
          },
          {
            "kind": "Conformance",
            "name": "CustomStringConvertible",
            "printedName": "CustomStringConvertible",
            "usr": "s:s23CustomStringConvertibleP",
            "mangledName": "$ss23CustomStringConvertibleP"
          },
          {
            "kind": "Conformance",
            "name": "CustomDebugStringConvertible",
            "printedName": "CustomDebugStringConvertible",
            "usr": "s:s28CustomDebugStringConvertibleP",
            "mangledName": "$ss28CustomDebugStringConvertibleP"
          }
        ]
      },
      {
        "kind": "Import",
        "name": "Foundation",
        "printedName": "Foundation",
        "declKind": "Import",
        "moduleName": "IAR_Surface_SDK",
        "declAttributes": [
          "RawDocComment"
        ]
      },
      {
        "kind": "Import",
        "name": "IAR_Core_SDK",
        "printedName": "IAR_Core_SDK",
        "declKind": "Import",
        "moduleName": "IAR_Surface_SDK"
      },
      {
        "kind": "Import",
        "name": "AVKit",
        "printedName": "AVKit",
        "declKind": "Import",
        "moduleName": "IAR_Surface_SDK"
      },
      {
        "kind": "Import",
        "name": "AVFoundation",
        "printedName": "AVFoundation",
        "declKind": "Import",
        "moduleName": "IAR_Surface_SDK"
      },
      {
        "kind": "Import",
        "name": "AssetsLibrary",
        "printedName": "AssetsLibrary",
        "declKind": "Import",
        "moduleName": "IAR_Surface_SDK"
      },
      {
        "kind": "TypeDecl",
        "name": "SurfaceRecorder",
        "printedName": "SurfaceRecorder",
        "children": [
          {
            "kind": "Function",
            "name": "startRecording",
            "printedName": "startRecording(surfaceView:)",
            "children": [
              {
                "kind": "TypeNominal",
                "name": "Optional",
                "printedName": "Foundation.NSError?",
                "children": [
                  {
                    "kind": "TypeNominal",
                    "name": "NSError",
                    "printedName": "Foundation.NSError",
                    "usr": "c:objc(cs)NSError"
                  }
                ],
                "usr": "s:Sq"
              },
              {
                "kind": "TypeNominal",
                "name": "IARSurfaceView",
                "printedName": "IAR_Surface_SDK.IARSurfaceView",
                "usr": "c:objc(cs)IARSurfaceView"
              }
            ],
            "declKind": "Func",
            "usr": "c:@M@IAR_Surface_SDK@objc(cs)SurfaceRecorder(im)startRecordingWithSurfaceView:",
            "mangledName": "$s15IAR_Surface_SDK0B8RecorderC14startRecording11surfaceViewSo7NSErrorCSgSo010IARSurfaceH0C_tF",
            "moduleName": "IAR_Surface_SDK",
            "objc_name": "startRecordingWithSurfaceView:",
            "declAttributes": [
              "AccessControl",
              "ObjC",
              "RawDocComment"
            ],
            "funcSelfKind": "NonMutating"
          },
          {
            "kind": "Function",
            "name": "stopRecording",
            "printedName": "stopRecording(finalFileName:completionHandler:)",
            "children": [
              {
                "kind": "TypeNominal",
                "name": "Void",
                "printedName": "()"
              },
              {
                "kind": "TypeNominal",
                "name": "Optional",
                "printedName": "Swift.String?",
                "children": [
                  {
                    "kind": "TypeNominal",
                    "name": "String",
                    "printedName": "Swift.String",
                    "usr": "s:SS"
                  }
                ],
                "usr": "s:Sq"
              },
              {
                "kind": "TypeFunc",
                "name": "Function",
                "printedName": "(Foundation.NSURL?, Swift.Error?) -> ()",
                "children": [
                  {
                    "kind": "TypeNominal",
                    "name": "Void",
                    "printedName": "()"
                  },
                  {
                    "kind": "TypeNominal",
                    "name": "Tuple",
                    "printedName": "(Foundation.NSURL?, Swift.Error?)",
                    "children": [
                      {
                        "kind": "TypeNominal",
                        "name": "Optional",
                        "printedName": "Foundation.NSURL?",
                        "children": [
                          {
                            "kind": "TypeNominal",
                            "name": "NSURL",
                            "printedName": "Foundation.NSURL",
                            "usr": "c:objc(cs)NSURL"
                          }
                        ],
                        "usr": "s:Sq"
                      },
                      {
                        "kind": "TypeNominal",
                        "name": "Optional",
                        "printedName": "Swift.Error?",
                        "children": [
                          {
                            "kind": "TypeNominal",
                            "name": "Error",
                            "printedName": "Swift.Error",
                            "usr": "s:s5ErrorP"
                          }
                        ],
                        "usr": "s:Sq"
                      }
                    ]
                  }
                ]
              }
            ],
            "declKind": "Func",
            "usr": "c:@M@IAR_Surface_SDK@objc(cs)SurfaceRecorder(im)stopRecordingWithFinalFileName:completionHandler:",
            "mangledName": "$s15IAR_Surface_SDK0B8RecorderC13stopRecording13finalFileName17completionHandlerySSSg_ySo5NSURLCSg_s5Error_pSgtctF",
            "moduleName": "IAR_Surface_SDK",
            "objc_name": "stopRecordingWithFinalFileName:completionHandler:",
            "declAttributes": [
              "AccessControl",
              "ObjC"
            ],
            "funcSelfKind": "NonMutating"
          },
          {
            "kind": "Constructor",
            "name": "init",
            "printedName": "init()",
            "children": [
              {
                "kind": "TypeNominal",
                "name": "SurfaceRecorder",
                "printedName": "IAR_Surface_SDK.SurfaceRecorder",
                "usr": "c:@M@IAR_Surface_SDK@objc(cs)SurfaceRecorder"
              }
            ],
            "declKind": "Constructor",
            "usr": "c:@M@IAR_Surface_SDK@objc(cs)SurfaceRecorder(im)init",
            "mangledName": "$s15IAR_Surface_SDK0B8RecorderCACycfc",
            "moduleName": "IAR_Surface_SDK",
            "overriding": true,
            "implicit": true,
            "objc_name": "init",
            "declAttributes": [
              "Dynamic",
              "ObjC",
              "Override"
            ],
            "init_kind": "Designated"
          },
          {
            "kind": "Function",
            "name": "fileOutput",
            "printedName": "fileOutput(_:didStartRecordingTo:from:)",
            "children": [
              {
                "kind": "TypeNominal",
                "name": "Void",
                "printedName": "()"
              },
              {
                "kind": "TypeNominal",
                "name": "AVCaptureFileOutput",
                "printedName": "AVFoundation.AVCaptureFileOutput",
                "usr": "c:objc(cs)AVCaptureFileOutput"
              },
              {
                "kind": "TypeNominal",
                "name": "URL",
                "printedName": "Foundation.URL",
                "usr": "s:10Foundation3URLV"
              },
              {
                "kind": "TypeNominal",
                "name": "Array",
                "printedName": "[AVFoundation.AVCaptureConnection]",
                "children": [
                  {
                    "kind": "TypeNominal",
                    "name": "AVCaptureConnection",
                    "printedName": "AVFoundation.AVCaptureConnection",
                    "usr": "c:objc(cs)AVCaptureConnection"
                  }
                ],
                "usr": "s:Sa"
              }
            ],
            "declKind": "Func",
            "usr": "c:@CM@IAR_Surface_SDK@objc(cs)SurfaceRecorder(im)captureOutput:didStartRecordingToOutputFileAtURL:fromConnections:",
            "mangledName": "$s15IAR_Surface_SDK0B8RecorderC10fileOutput_19didStartRecordingTo4fromySo013AVCaptureFileF0C_10Foundation3URLVSaySo0L10ConnectionCGtF",
            "moduleName": "IAR_Surface_SDK",
            "objc_name": "captureOutput:didStartRecordingToOutputFileAtURL:fromConnections:",
            "declAttributes": [
              "Dynamic",
              "ObjC",
              "AccessControl"
            ],
            "isFromExtension": true,
            "funcSelfKind": "NonMutating"
          },
          {
            "kind": "Function",
            "name": "fileOutput",
            "printedName": "fileOutput(_:didFinishRecordingTo:from:error:)",
            "children": [
              {
                "kind": "TypeNominal",
                "name": "Void",
                "printedName": "()"
              },
              {
                "kind": "TypeNominal",
                "name": "AVCaptureFileOutput",
                "printedName": "AVFoundation.AVCaptureFileOutput",
                "usr": "c:objc(cs)AVCaptureFileOutput"
              },
              {
                "kind": "TypeNominal",
                "name": "URL",
                "printedName": "Foundation.URL",
                "usr": "s:10Foundation3URLV"
              },
              {
                "kind": "TypeNominal",
                "name": "Array",
                "printedName": "[AVFoundation.AVCaptureConnection]",
                "children": [
                  {
                    "kind": "TypeNominal",
                    "name": "AVCaptureConnection",
                    "printedName": "AVFoundation.AVCaptureConnection",
                    "usr": "c:objc(cs)AVCaptureConnection"
                  }
                ],
                "usr": "s:Sa"
              },
              {
                "kind": "TypeNominal",
                "name": "Optional",
                "printedName": "Swift.Error?",
                "children": [
                  {
                    "kind": "TypeNominal",
                    "name": "Error",
                    "printedName": "Swift.Error",
                    "usr": "s:s5ErrorP"
                  }
                ],
                "usr": "s:Sq"
              }
            ],
            "declKind": "Func",
            "usr": "c:@CM@IAR_Surface_SDK@objc(cs)SurfaceRecorder(im)captureOutput:didFinishRecordingToOutputFileAtURL:fromConnections:error:",
            "mangledName": "$s15IAR_Surface_SDK0B8RecorderC10fileOutput_20didFinishRecordingTo4from5errorySo013AVCaptureFileF0C_10Foundation3URLVSaySo0M10ConnectionCGs5Error_pSgtF",
            "moduleName": "IAR_Surface_SDK",
            "objc_name": "captureOutput:didFinishRecordingToOutputFileAtURL:fromConnections:error:",
            "declAttributes": [
              "Dynamic",
              "ObjC",
              "AccessControl"
            ],
            "isFromExtension": true,
            "funcSelfKind": "NonMutating"
          }
        ],
        "declKind": "Class",
        "usr": "c:@M@IAR_Surface_SDK@objc(cs)SurfaceRecorder",
        "mangledName": "$s15IAR_Surface_SDK0B8RecorderC",
        "moduleName": "IAR_Surface_SDK",
        "declAttributes": [
          "AccessControl",
          "ObjC"
        ],
        "superclassUsr": "c:objc(cs)NSObject",
        "inheritsConvenienceInitializers": true,
        "superclassNames": [
          "ObjectiveC.NSObject"
        ],
        "conformances": [
          {
            "kind": "Conformance",
            "name": "Equatable",
            "printedName": "Equatable",
            "usr": "s:SQ",
            "mangledName": "$sSQ"
          },
          {
            "kind": "Conformance",
            "name": "Hashable",
            "printedName": "Hashable",
            "usr": "s:SH",
            "mangledName": "$sSH"
          },
          {
            "kind": "Conformance",
            "name": "CVarArg",
            "printedName": "CVarArg",
            "usr": "s:s7CVarArgP",
            "mangledName": "$ss7CVarArgP"
          },
          {
            "kind": "Conformance",
            "name": "_KeyValueCodingAndObservingPublishing",
            "printedName": "_KeyValueCodingAndObservingPublishing",
            "usr": "s:10Foundation37_KeyValueCodingAndObservingPublishingP",
            "mangledName": "$s10Foundation37_KeyValueCodingAndObservingPublishingP"
          },
          {
            "kind": "Conformance",
            "name": "_KeyValueCodingAndObserving",
            "printedName": "_KeyValueCodingAndObserving",
            "usr": "s:10Foundation27_KeyValueCodingAndObservingP",
            "mangledName": "$s10Foundation27_KeyValueCodingAndObservingP"
          },
          {
            "kind": "Conformance",
            "name": "CustomStringConvertible",
            "printedName": "CustomStringConvertible",
            "usr": "s:s23CustomStringConvertibleP",
            "mangledName": "$ss23CustomStringConvertibleP"
          },
          {
            "kind": "Conformance",
            "name": "CustomDebugStringConvertible",
            "printedName": "CustomDebugStringConvertible",
            "usr": "s:s28CustomDebugStringConvertibleP",
            "mangledName": "$ss28CustomDebugStringConvertibleP"
          }
        ]
      }
    ],
    "json_format_version": 8
  },
  "ConstValues": [
    {
      "filePath": "\/Users\/rogerio\/git-iversoft\/iar-sdk-ios\/Framework-Surface-Project\/IAR Surface SDK\/Debug\/DebugPlane.swift",
      "kind": "FloatLiteral",
      "offset": 264,
      "length": 5,
      "value": "1.000"
    },
    {
      "filePath": "\/Users\/rogerio\/git-iversoft\/iar-sdk-ios\/Framework-Surface-Project\/IAR Surface SDK\/Debug\/DebugPlane.swift",
      "kind": "FloatLiteral",
      "offset": 278,
      "length": 5,
      "value": "0.799"
    },
    {
      "filePath": "\/Users\/rogerio\/git-iversoft\/iar-sdk-ios\/Framework-Surface-Project\/IAR Surface SDK\/Debug\/DebugPlane.swift",
      "kind": "FloatLiteral",
      "offset": 291,
      "length": 5,
      "value": "0.004"
    },
    {
      "filePath": "\/Users\/rogerio\/git-iversoft\/iar-sdk-ios\/Framework-Surface-Project\/IAR Surface SDK\/Debug\/DebugPlane.swift",
      "kind": "FloatLiteral",
      "offset": 305,
      "length": 4,
      "value": "1.00"
    },
    {
      "filePath": "\/Users\/rogerio\/git-iversoft\/iar-sdk-ios\/Framework-Surface-Project\/IAR Surface SDK\/Debug\/DebugPlane.swift",
      "kind": "StringLiteral",
      "offset": 1261,
      "length": 10,
      "value": "\"IAR_Surface_SDK.DebugPlane\""
    },
    {
      "filePath": "\/Users\/rogerio\/git-iversoft\/iar-sdk-ios\/Framework-Surface-Project\/IAR Surface SDK\/Views\/ChromaKeyMaterial.swift",
      "kind": "FloatLiteral",
      "offset": 561,
      "length": 4,
      "value": "0.50"
    },
    {
      "filePath": "\/Users\/rogerio\/git-iversoft\/iar-sdk-ios\/Framework-Surface-Project\/IAR Surface SDK\/Views\/ChromaKeyMaterial.swift",
      "kind": "FloatLiteral",
      "offset": 586,
      "length": 5,
      "value": "0.001"
    },
    {
      "filePath": "\/Users\/rogerio\/git-iversoft\/iar-sdk-ios\/Framework-Surface-Project\/IAR Surface SDK\/Views\/ChromaKeyMaterial.swift",
      "kind": "StringLiteral",
      "offset": 206,
      "length": 17,
      "value": "\"IAR_Surface_SDK.ChromaKeyMaterial\""
    }
  ]
}