{
  "ABIRoot": {
    "kind": "Root",
    "name": "TopLevel",
    "printedName": "TopLevel",
    "children": [
      {
        "kind": "Import",
        "name": "Foundation",
        "printedName": "Foundation",
        "declKind": "Import",
        "moduleName": "IAR_NFC_SDK",
        "declAttributes": [
          "RawDocComment"
        ]
      },
      {
        "kind": "Import",
        "name": "Foundation",
        "printedName": "Foundation",
        "declKind": "Import",
        "moduleName": "IAR_NFC_SDK",
        "declAttributes": [
          "RawDocComment"
        ]
      },
      {
        "kind": "Import",
        "name": "CoreNFC",
        "printedName": "CoreNFC",
        "declKind": "Import",
        "moduleName": "IAR_NFC_SDK"
      },
      {
        "kind": "TypeDecl",
        "name": "MarkerType",
        "printedName": "MarkerType",
        "children": [
          {
            "kind": "Var",
            "name": "ONDEMAND",
            "printedName": "ONDEMAND",
            "children": [
              {
                "kind": "TypeFunc",
                "name": "Function",
                "printedName": "(IAR_NFC_SDK.MarkerType.Type) -> IAR_NFC_SDK.MarkerType",
                "children": [
                  {
                    "kind": "TypeNominal",
                    "name": "MarkerType",
                    "printedName": "IAR_NFC_SDK.MarkerType",
                    "usr": "s:11IAR_NFC_SDK10MarkerTypeO"
                  },
                  {
                    "kind": "TypeNominal",
                    "name": "Metatype",
                    "printedName": "IAR_NFC_SDK.MarkerType.Type",
                    "children": [
                      {
                        "kind": "TypeNominal",
                        "name": "MarkerType",
                        "printedName": "IAR_NFC_SDK.MarkerType",
                        "usr": "s:11IAR_NFC_SDK10MarkerTypeO"
                      }
                    ]
                  }
                ]
              }
            ],
            "declKind": "EnumElement",
            "usr": "s:11IAR_NFC_SDK10MarkerTypeO8ONDEMANDyA2CmF",
            "mangledName": "$s11IAR_NFC_SDK10MarkerTypeO8ONDEMANDyA2CmF",
            "moduleName": "IAR_NFC_SDK"
          },
          {
            "kind": "Constructor",
            "name": "init",
            "printedName": "init(rawValue:)",
            "children": [
              {
                "kind": "TypeNominal",
                "name": "Optional",
                "printedName": "IAR_NFC_SDK.MarkerType?",
                "children": [
                  {
                    "kind": "TypeNominal",
                    "name": "MarkerType",
                    "printedName": "IAR_NFC_SDK.MarkerType",
                    "usr": "s:11IAR_NFC_SDK10MarkerTypeO"
                  }
                ],
                "usr": "s:Sq"
              },
              {
                "kind": "TypeNominal",
                "name": "String",
                "printedName": "Swift.String",
                "usr": "s:SS"
              }
            ],
            "declKind": "Constructor",
            "usr": "s:11IAR_NFC_SDK10MarkerTypeO8rawValueACSgSS_tcfc",
            "mangledName": "$s11IAR_NFC_SDK10MarkerTypeO8rawValueACSgSS_tcfc",
            "moduleName": "IAR_NFC_SDK",
            "implicit": true,
            "init_kind": "Designated"
          },
          {
            "kind": "Var",
            "name": "rawValue",
            "printedName": "rawValue",
            "children": [
              {
                "kind": "TypeNominal",
                "name": "String",
                "printedName": "Swift.String",
                "usr": "s:SS"
              }
            ],
            "declKind": "Var",
            "usr": "s:11IAR_NFC_SDK10MarkerTypeO8rawValueSSvp",
            "mangledName": "$s11IAR_NFC_SDK10MarkerTypeO8rawValueSSvp",
            "moduleName": "IAR_NFC_SDK",
            "implicit": true,
            "accessors": [
              {
                "kind": "Accessor",
                "name": "Get",
                "printedName": "Get()",
                "children": [
                  {
                    "kind": "TypeNominal",
                    "name": "String",
                    "printedName": "Swift.String",
                    "usr": "s:SS"
                  }
                ],
                "declKind": "Accessor",
                "usr": "s:11IAR_NFC_SDK10MarkerTypeO8rawValueSSvg",
                "mangledName": "$s11IAR_NFC_SDK10MarkerTypeO8rawValueSSvg",
                "moduleName": "IAR_NFC_SDK",
                "implicit": true,
                "accessorKind": "get"
              }
            ]
          }
        ],
        "declKind": "Enum",
        "usr": "s:11IAR_NFC_SDK10MarkerTypeO",
        "mangledName": "$s11IAR_NFC_SDK10MarkerTypeO",
        "moduleName": "IAR_NFC_SDK",
        "declAttributes": [
          "AccessControl"
        ],
        "enumRawTypeName": "String",
        "conformances": [
          {
            "kind": "Conformance",
            "name": "Equatable",
            "printedName": "Equatable",
            "usr": "s:SQ",
            "mangledName": "$sSQ"
          },
          {
            "kind": "Conformance",
            "name": "Hashable",
            "printedName": "Hashable",
            "usr": "s:SH",
            "mangledName": "$sSH"
          },
          {
            "kind": "Conformance",
            "name": "RawRepresentable",
            "printedName": "RawRepresentable",
            "children": [
              {
                "kind": "TypeWitness",
                "name": "RawValue",
                "printedName": "RawValue",
                "children": [
                  {
                    "kind": "TypeNominal",
                    "name": "String",
                    "printedName": "Swift.String",
                    "usr": "s:SS"
                  }
                ]
              }
            ],
            "usr": "s:SY",
            "mangledName": "$sSY"
          },
          {
            "kind": "Conformance",
            "name": "Decodable",
            "printedName": "Decodable",
            "usr": "s:Se",
            "mangledName": "$sSe"
          },
          {
            "kind": "Conformance",
            "name": "Encodable",
            "printedName": "Encodable",
            "usr": "s:SE",
            "mangledName": "$sSE"
          }
        ]
      },
      {
        "kind": "TypeDecl",
        "name": "MarkerTag",
        "printedName": "MarkerTag",
        "children": [
          {
            "kind": "Var",
            "name": "id",
            "printedName": "id",
            "children": [
              {
                "kind": "TypeNominal",
                "name": "String",
                "printedName": "Swift.String",
                "usr": "s:SS"
              }
            ],
            "declKind": "Var",
            "usr": "s:11IAR_NFC_SDK9MarkerTagV2idSSvp",
            "mangledName": "$s11IAR_NFC_SDK9MarkerTagV2idSSvp",
            "moduleName": "IAR_NFC_SDK",
            "declAttributes": [
              "HasStorage",
              "AccessControl"
            ],
            "isLet": true,
            "hasStorage": true,
            "accessors": [
              {
                "kind": "Accessor",
                "name": "Get",
                "printedName": "Get()",
                "children": [
                  {
                    "kind": "TypeNominal",
                    "name": "String",
                    "printedName": "Swift.String",
                    "usr": "s:SS"
                  }
                ],
                "declKind": "Accessor",
                "usr": "s:11IAR_NFC_SDK9MarkerTagV2idSSvg",
                "mangledName": "$s11IAR_NFC_SDK9MarkerTagV2idSSvg",
                "moduleName": "IAR_NFC_SDK",
                "implicit": true,
                "accessorKind": "get"
              }
            ]
          },
          {
            "kind": "Var",
            "name": "type",
            "printedName": "type",
            "children": [
              {
                "kind": "TypeNominal",
                "name": "MarkerType",
                "printedName": "IAR_NFC_SDK.MarkerType",
                "usr": "s:11IAR_NFC_SDK10MarkerTypeO"
              }
            ],
            "declKind": "Var",
            "usr": "s:11IAR_NFC_SDK9MarkerTagV4typeAA0D4TypeOvp",
            "mangledName": "$s11IAR_NFC_SDK9MarkerTagV4typeAA0D4TypeOvp",
            "moduleName": "IAR_NFC_SDK",
            "declAttributes": [
              "HasStorage",
              "AccessControl"
            ],
            "isLet": true,
            "hasStorage": true,
            "accessors": [
              {
                "kind": "Accessor",
                "name": "Get",
                "printedName": "Get()",
                "children": [
                  {
                    "kind": "TypeNominal",
                    "name": "MarkerType",
                    "printedName": "IAR_NFC_SDK.MarkerType",
                    "usr": "s:11IAR_NFC_SDK10MarkerTypeO"
                  }
                ],
                "declKind": "Accessor",
                "usr": "s:11IAR_NFC_SDK9MarkerTagV4typeAA0D4TypeOvg",
                "mangledName": "$s11IAR_NFC_SDK9MarkerTagV4typeAA0D4TypeOvg",
                "moduleName": "IAR_NFC_SDK",
                "implicit": true,
                "accessorKind": "get"
              }
            ]
          },
          {
            "kind": "Constructor",
            "name": "init",
            "printedName": "init(markerId:markerType:)",
            "children": [
              {
                "kind": "TypeNominal",
                "name": "MarkerTag",
                "printedName": "IAR_NFC_SDK.MarkerTag",
                "usr": "s:11IAR_NFC_SDK9MarkerTagV"
              },
              {
                "kind": "TypeNominal",
                "name": "String",
                "printedName": "Swift.String",
                "usr": "s:SS"
              },
              {
                "kind": "TypeNominal",
                "name": "MarkerType",
                "printedName": "IAR_NFC_SDK.MarkerType",
                "usr": "s:11IAR_NFC_SDK10MarkerTypeO"
              }
            ],
            "declKind": "Constructor",
            "usr": "s:11IAR_NFC_SDK9MarkerTagV8markerId0F4TypeACSS_AA0dH0Otcfc",
            "mangledName": "$s11IAR_NFC_SDK9MarkerTagV8markerId0F4TypeACSS_AA0dH0Otcfc",
            "moduleName": "IAR_NFC_SDK",
            "declAttributes": [
              "AccessControl"
            ],
            "init_kind": "Designated"
          },
          {
            "kind": "Constructor",
            "name": "init",
            "printedName": "init(from:)",
            "children": [
              {
                "kind": "TypeNominal",
                "name": "MarkerTag",
                "printedName": "IAR_NFC_SDK.MarkerTag",
                "usr": "s:11IAR_NFC_SDK9MarkerTagV"
              },
              {
                "kind": "TypeNominal",
                "name": "Decoder",
                "printedName": "Swift.Decoder",
                "usr": "s:s7DecoderP"
              }
            ],
            "declKind": "Constructor",
            "usr": "s:11IAR_NFC_SDK9MarkerTagV4fromACs7Decoder_p_tKcfc",
            "mangledName": "$s11IAR_NFC_SDK9MarkerTagV4fromACs7Decoder_p_tKcfc",
            "moduleName": "IAR_NFC_SDK",
            "implicit": true,
            "throwing": true,
            "init_kind": "Designated"
          },
          {
            "kind": "Function",
            "name": "encode",
            "printedName": "encode(to:)",
            "children": [
              {
                "kind": "TypeNominal",
                "name": "Void",
                "printedName": "()"
              },
              {
                "kind": "TypeNominal",
                "name": "Encoder",
                "printedName": "Swift.Encoder",
                "usr": "s:s7EncoderP"
              }
            ],
            "declKind": "Func",
            "usr": "s:11IAR_NFC_SDK9MarkerTagV6encode2toys7Encoder_p_tKF",
            "mangledName": "$s11IAR_NFC_SDK9MarkerTagV6encode2toys7Encoder_p_tKF",
            "moduleName": "IAR_NFC_SDK",
            "implicit": true,
            "throwing": true,
            "funcSelfKind": "NonMutating"
          },
          {
            "kind": "Function",
            "name": "toString",
            "printedName": "toString()",
            "children": [
              {
                "kind": "TypeNominal",
                "name": "Optional",
                "printedName": "Swift.String?",
                "children": [
                  {
                    "kind": "TypeNominal",
                    "name": "String",
                    "printedName": "Swift.String",
                    "usr": "s:SS"
                  }
                ],
                "usr": "s:Sq"
              }
            ],
            "declKind": "Func",
            "usr": "s:11IAR_NFC_SDK9MarkerTagV8toStringSSSgyF",
            "mangledName": "$s11IAR_NFC_SDK9MarkerTagV8toStringSSSgyF",
            "moduleName": "IAR_NFC_SDK",
            "isFromExtension": true,
            "funcSelfKind": "NonMutating"
          },
          {
            "kind": "Constructor",
            "name": "init",
            "printedName": "init(data:)",
            "children": [
              {
                "kind": "TypeNominal",
                "name": "Optional",
                "printedName": "IAR_NFC_SDK.MarkerTag?",
                "children": [
                  {
                    "kind": "TypeNominal",
                    "name": "MarkerTag",
                    "printedName": "IAR_NFC_SDK.MarkerTag",
                    "usr": "s:11IAR_NFC_SDK9MarkerTagV"
                  }
                ],
                "usr": "s:Sq"
              },
              {
                "kind": "TypeNominal",
                "name": "Data",
                "printedName": "Foundation.Data",
                "usr": "s:10Foundation4DataV"
              }
            ],
            "declKind": "Constructor",
            "usr": "s:11IAR_NFC_SDK9MarkerTagV4dataACSg10Foundation4DataV_tcfc",
            "mangledName": "$s11IAR_NFC_SDK9MarkerTagV4dataACSg10Foundation4DataV_tcfc",
            "moduleName": "IAR_NFC_SDK",
            "isFromExtension": true,
            "init_kind": "Designated"
          },
          {
            "kind": "Constructor",
            "name": "init",
            "printedName": "init(json:)",
            "children": [
              {
                "kind": "TypeNominal",
                "name": "Optional",
                "printedName": "IAR_NFC_SDK.MarkerTag?",
                "children": [
                  {
                    "kind": "TypeNominal",
                    "name": "MarkerTag",
                    "printedName": "IAR_NFC_SDK.MarkerTag",
                    "usr": "s:11IAR_NFC_SDK9MarkerTagV"
                  }
                ],
                "usr": "s:Sq"
              },
              {
                "kind": "TypeNominal",
                "name": "String",
                "printedName": "Swift.String",
                "usr": "s:SS"
              }
            ],
            "declKind": "Constructor",
            "usr": "s:11IAR_NFC_SDK9MarkerTagV4jsonACSgSS_tcfc",
            "mangledName": "$s11IAR_NFC_SDK9MarkerTagV4jsonACSgSS_tcfc",
            "moduleName": "IAR_NFC_SDK",
            "isFromExtension": true,
            "init_kind": "Designated"
          }
        ],
        "declKind": "Struct",
        "usr": "s:11IAR_NFC_SDK9MarkerTagV",
        "mangledName": "$s11IAR_NFC_SDK9MarkerTagV",
        "moduleName": "IAR_NFC_SDK",
        "declAttributes": [
          "AccessControl"
        ],
        "conformances": [
          {
            "kind": "Conformance",
            "name": "Decodable",
            "printedName": "Decodable",
            "usr": "s:Se",
            "mangledName": "$sSe"
          },
          {
            "kind": "Conformance",
            "name": "Encodable",
            "printedName": "Encodable",
            "usr": "s:SE",
            "mangledName": "$sSE"
          }
        ]
      },
      {
        "kind": "TypeDecl",
        "name": "NFCError",
        "printedName": "NFCError",
        "children": [
          {
            "kind": "Var",
            "name": "unavailable",
            "printedName": "unavailable",
            "children": [
              {
                "kind": "TypeFunc",
                "name": "Function",
                "printedName": "(IAR_NFC_SDK.NFCError.Type) -> IAR_NFC_SDK.NFCError",
                "children": [
                  {
                    "kind": "TypeNominal",
                    "name": "NFCError",
                    "printedName": "IAR_NFC_SDK.NFCError",
                    "usr": "s:11IAR_NFC_SDK8NFCErrorO"
                  },
                  {
                    "kind": "TypeNominal",
                    "name": "Metatype",
                    "printedName": "IAR_NFC_SDK.NFCError.Type",
                    "children": [
                      {
                        "kind": "TypeNominal",
                        "name": "NFCError",
                        "printedName": "IAR_NFC_SDK.NFCError",
                        "usr": "s:11IAR_NFC_SDK8NFCErrorO"
                      }
                    ]
                  }
                ]
              }
            ],
            "declKind": "EnumElement",
            "usr": "s:11IAR_NFC_SDK8NFCErrorO11unavailableyA2CmF",
            "mangledName": "$s11IAR_NFC_SDK8NFCErrorO11unavailableyA2CmF",
            "moduleName": "IAR_NFC_SDK"
          },
          {
            "kind": "Var",
            "name": "invalidated",
            "printedName": "invalidated",
            "children": [
              {
                "kind": "TypeFunc",
                "name": "Function",
                "printedName": "(IAR_NFC_SDK.NFCError.Type) -> (Swift.String) -> IAR_NFC_SDK.NFCError",
                "children": [
                  {
                    "kind": "TypeFunc",
                    "name": "Function",
                    "printedName": "(Swift.String) -> IAR_NFC_SDK.NFCError",
                    "children": [
                      {
                        "kind": "TypeNominal",
                        "name": "NFCError",
                        "printedName": "IAR_NFC_SDK.NFCError",
                        "usr": "s:11IAR_NFC_SDK8NFCErrorO"
                      },
                      {
                        "kind": "TypeNominal",
                        "name": "Tuple",
                        "printedName": "(message: Swift.String)",
                        "children": [
                          {
                            "kind": "TypeNominal",
                            "name": "String",
                            "printedName": "Swift.String",
                            "usr": "s:SS"
                          }
                        ]
                      }
                    ]
                  },
                  {
                    "kind": "TypeNominal",
                    "name": "Metatype",
                    "printedName": "IAR_NFC_SDK.NFCError.Type",
                    "children": [
                      {
                        "kind": "TypeNominal",
                        "name": "NFCError",
                        "printedName": "IAR_NFC_SDK.NFCError",
                        "usr": "s:11IAR_NFC_SDK8NFCErrorO"
                      }
                    ]
                  }
                ]
              }
            ],
            "declKind": "EnumElement",
            "usr": "s:11IAR_NFC_SDK8NFCErrorO11invalidatedyACSS_tcACmF",
            "mangledName": "$s11IAR_NFC_SDK8NFCErrorO11invalidatedyACSS_tcACmF",
            "moduleName": "IAR_NFC_SDK"
          },
          {
            "kind": "Var",
            "name": "invalidPayloadSize",
            "printedName": "invalidPayloadSize",
            "children": [
              {
                "kind": "TypeFunc",
                "name": "Function",
                "printedName": "(IAR_NFC_SDK.NFCError.Type) -> IAR_NFC_SDK.NFCError",
                "children": [
                  {
                    "kind": "TypeNominal",
                    "name": "NFCError",
                    "printedName": "IAR_NFC_SDK.NFCError",
                    "usr": "s:11IAR_NFC_SDK8NFCErrorO"
                  },
                  {
                    "kind": "TypeNominal",
                    "name": "Metatype",
                    "printedName": "IAR_NFC_SDK.NFCError.Type",
                    "children": [
                      {
                        "kind": "TypeNominal",
                        "name": "NFCError",
                        "printedName": "IAR_NFC_SDK.NFCError",
                        "usr": "s:11IAR_NFC_SDK8NFCErrorO"
                      }
                    ]
                  }
                ]
              }
            ],
            "declKind": "EnumElement",
            "usr": "s:11IAR_NFC_SDK8NFCErrorO18invalidPayloadSizeyA2CmF",
            "mangledName": "$s11IAR_NFC_SDK8NFCErrorO18invalidPayloadSizeyA2CmF",
            "moduleName": "IAR_NFC_SDK"
          },
          {
            "kind": "Var",
            "name": "decodingFailure",
            "printedName": "decodingFailure",
            "children": [
              {
                "kind": "TypeFunc",
                "name": "Function",
                "printedName": "(IAR_NFC_SDK.NFCError.Type) -> (Swift.String) -> IAR_NFC_SDK.NFCError",
                "children": [
                  {
                    "kind": "TypeFunc",
                    "name": "Function",
                    "printedName": "(Swift.String) -> IAR_NFC_SDK.NFCError",
                    "children": [
                      {
                        "kind": "TypeNominal",
                        "name": "NFCError",
                        "printedName": "IAR_NFC_SDK.NFCError",
                        "usr": "s:11IAR_NFC_SDK8NFCErrorO"
                      },
                      {
                        "kind": "TypeNominal",
                        "name": "Tuple",
                        "printedName": "(message: Swift.String)",
                        "children": [
                          {
                            "kind": "TypeNominal",
                            "name": "String",
                            "printedName": "Swift.String",
                            "usr": "s:SS"
                          }
                        ]
                      }
                    ]
                  },
                  {
                    "kind": "TypeNominal",
                    "name": "Metatype",
                    "printedName": "IAR_NFC_SDK.NFCError.Type",
                    "children": [
                      {
                        "kind": "TypeNominal",
                        "name": "NFCError",
                        "printedName": "IAR_NFC_SDK.NFCError",
                        "usr": "s:11IAR_NFC_SDK8NFCErrorO"
                      }
                    ]
                  }
                ]
              }
            ],
            "declKind": "EnumElement",
            "usr": "s:11IAR_NFC_SDK8NFCErrorO15decodingFailureyACSS_tcACmF",
            "mangledName": "$s11IAR_NFC_SDK8NFCErrorO15decodingFailureyACSS_tcACmF",
            "moduleName": "IAR_NFC_SDK"
          },
          {
            "kind": "Var",
            "name": "errorDescription",
            "printedName": "errorDescription",
            "children": [
              {
                "kind": "TypeNominal",
                "name": "Optional",
                "printedName": "Swift.String?",
                "children": [
                  {
                    "kind": "TypeNominal",
                    "name": "String",
                    "printedName": "Swift.String",
                    "usr": "s:SS"
                  }
                ],
                "usr": "s:Sq"
              }
            ],
            "declKind": "Var",
            "usr": "s:11IAR_NFC_SDK8NFCErrorO16errorDescriptionSSSgvp",
            "mangledName": "$s11IAR_NFC_SDK8NFCErrorO16errorDescriptionSSSgvp",
            "moduleName": "IAR_NFC_SDK",
            "declAttributes": [
              "AccessControl"
            ],
            "accessors": [
              {
                "kind": "Accessor",
                "name": "Get",
                "printedName": "Get()",
                "children": [
                  {
                    "kind": "TypeNominal",
                    "name": "Optional",
                    "printedName": "Swift.String?",
                    "children": [
                      {
                        "kind": "TypeNominal",
                        "name": "String",
                        "printedName": "Swift.String",
                        "usr": "s:SS"
                      }
                    ],
                    "usr": "s:Sq"
                  }
                ],
                "declKind": "Accessor",
                "usr": "s:11IAR_NFC_SDK8NFCErrorO16errorDescriptionSSSgvg",
                "mangledName": "$s11IAR_NFC_SDK8NFCErrorO16errorDescriptionSSSgvg",
                "moduleName": "IAR_NFC_SDK",
                "accessorKind": "get"
              }
            ]
          }
        ],
        "declKind": "Enum",
        "usr": "s:11IAR_NFC_SDK8NFCErrorO",
        "mangledName": "$s11IAR_NFC_SDK8NFCErrorO",
        "moduleName": "IAR_NFC_SDK",
        "declAttributes": [
          "AccessControl"
        ],
        "conformances": [
          {
            "kind": "Conformance",
            "name": "LocalizedError",
            "printedName": "LocalizedError",
            "usr": "s:10Foundation14LocalizedErrorP",
            "mangledName": "$s10Foundation14LocalizedErrorP"
          },
          {
            "kind": "Conformance",
            "name": "Error",
            "printedName": "Error",
            "usr": "s:s5ErrorP",
            "mangledName": "$ss5ErrorP"
          },
          {
            "kind": "Conformance",
            "name": "Sendable",
            "printedName": "Sendable",
            "usr": "s:s8SendableP",
            "mangledName": "$ss8SendableP"
          }
        ]
      },
      {
        "kind": "TypeDecl",
        "name": "NFCController",
        "printedName": "NFCController",
        "children": [
          {
            "kind": "TypeDecl",
            "name": "NFCAction",
            "printedName": "NFCAction",
            "children": [
              {
                "kind": "Var",
                "name": "readMarker",
                "printedName": "readMarker",
                "children": [
                  {
                    "kind": "TypeFunc",
                    "name": "Function",
                    "printedName": "(IAR_NFC_SDK.NFCController.NFCAction.Type) -> IAR_NFC_SDK.NFCController.NFCAction",
                    "children": [
                      {
                        "kind": "TypeNominal",
                        "name": "NFCAction",
                        "printedName": "IAR_NFC_SDK.NFCController.NFCAction",
                        "usr": "s:11IAR_NFC_SDK13NFCControllerC9NFCActionO"
                      },
                      {
                        "kind": "TypeNominal",
                        "name": "Metatype",
                        "printedName": "IAR_NFC_SDK.NFCController.NFCAction.Type",
                        "children": [
                          {
                            "kind": "TypeNominal",
                            "name": "NFCAction",
                            "printedName": "IAR_NFC_SDK.NFCController.NFCAction",
                            "usr": "s:11IAR_NFC_SDK13NFCControllerC9NFCActionO"
                          }
                        ]
                      }
                    ]
                  }
                ],
                "declKind": "EnumElement",
                "usr": "s:11IAR_NFC_SDK13NFCControllerC9NFCActionO10readMarkeryA2EmF",
                "mangledName": "$s11IAR_NFC_SDK13NFCControllerC9NFCActionO10readMarkeryA2EmF",
                "moduleName": "IAR_NFC_SDK"
              },
              {
                "kind": "Var",
                "name": "addMarker",
                "printedName": "addMarker",
                "children": [
                  {
                    "kind": "TypeFunc",
                    "name": "Function",
                    "printedName": "(IAR_NFC_SDK.NFCController.NFCAction.Type) -> (IAR_NFC_SDK.MarkerTag) -> IAR_NFC_SDK.NFCController.NFCAction",
                    "children": [
                      {
                        "kind": "TypeFunc",
                        "name": "Function",
                        "printedName": "(IAR_NFC_SDK.MarkerTag) -> IAR_NFC_SDK.NFCController.NFCAction",
                        "children": [
                          {
                            "kind": "TypeNominal",
                            "name": "NFCAction",
                            "printedName": "IAR_NFC_SDK.NFCController.NFCAction",
                            "usr": "s:11IAR_NFC_SDK13NFCControllerC9NFCActionO"
                          },
                          {
                            "kind": "TypeNominal",
                            "name": "Tuple",
                            "printedName": "(marker: IAR_NFC_SDK.MarkerTag)",
                            "children": [
                              {
                                "kind": "TypeNominal",
                                "name": "MarkerTag",
                                "printedName": "IAR_NFC_SDK.MarkerTag",
                                "usr": "s:11IAR_NFC_SDK9MarkerTagV"
                              }
                            ]
                          }
                        ]
                      },
                      {
                        "kind": "TypeNominal",
                        "name": "Metatype",
                        "printedName": "IAR_NFC_SDK.NFCController.NFCAction.Type",
                        "children": [
                          {
                            "kind": "TypeNominal",
                            "name": "NFCAction",
                            "printedName": "IAR_NFC_SDK.NFCController.NFCAction",
                            "usr": "s:11IAR_NFC_SDK13NFCControllerC9NFCActionO"
                          }
                        ]
                      }
                    ]
                  }
                ],
                "declKind": "EnumElement",
                "usr": "s:11IAR_NFC_SDK13NFCControllerC9NFCActionO9addMarkeryAeA0G3TagV_tcAEmF",
                "mangledName": "$s11IAR_NFC_SDK13NFCControllerC9NFCActionO9addMarkeryAeA0G3TagV_tcAEmF",
                "moduleName": "IAR_NFC_SDK"
              }
            ],
            "declKind": "Enum",
            "usr": "s:11IAR_NFC_SDK13NFCControllerC9NFCActionO",
            "mangledName": "$s11IAR_NFC_SDK13NFCControllerC9NFCActionO",
            "moduleName": "IAR_NFC_SDK",
            "declAttributes": [
              "AccessControl"
            ]
          },
          {
            "kind": "Function",
            "name": "performAction",
            "printedName": "performAction(_:completion:)",
            "children": [
              {
                "kind": "TypeNominal",
                "name": "Void",
                "printedName": "()"
              },
              {
                "kind": "TypeNominal",
                "name": "NFCAction",
                "printedName": "IAR_NFC_SDK.NFCController.NFCAction",
                "usr": "s:11IAR_NFC_SDK13NFCControllerC9NFCActionO"
              },
              {
                "kind": "TypeNominal",
                "name": "Optional",
                "printedName": "((Swift.Result<IAR_NFC_SDK.MarkerTag, Swift.Error>) -> ())?",
                "children": [
                  {
                    "kind": "TypeFunc",
                    "name": "Function",
                    "printedName": "(Swift.Result<IAR_NFC_SDK.MarkerTag, Swift.Error>) -> ()",
                    "children": [
                      {
                        "kind": "TypeNominal",
                        "name": "Void",
                        "printedName": "()"
                      },
                      {
                        "kind": "TypeNominal",
                        "name": "Result",
                        "printedName": "Swift.Result<IAR_NFC_SDK.MarkerTag, Swift.Error>",
                        "children": [
                          {
                            "kind": "TypeNominal",
                            "name": "MarkerTag",
                            "printedName": "IAR_NFC_SDK.MarkerTag",
                            "usr": "s:11IAR_NFC_SDK9MarkerTagV"
                          },
                          {
                            "kind": "TypeNominal",
                            "name": "Error",
                            "printedName": "Swift.Error",
                            "usr": "s:s5ErrorP"
                          }
                        ],
                        "usr": "s:s6ResultO"
                      }
                    ]
                  }
                ],
                "hasDefaultArg": true,
                "usr": "s:Sq"
              }
            ],
            "declKind": "Func",
            "usr": "s:11IAR_NFC_SDK13NFCControllerC13performAction_10completionyAC9NFCActionO_ys6ResultOyAA9MarkerTagVs5Error_pGcSgtFZ",
            "mangledName": "$s11IAR_NFC_SDK13NFCControllerC13performAction_10completionyAC9NFCActionO_ys6ResultOyAA9MarkerTagVs5Error_pGcSgtFZ",
            "moduleName": "IAR_NFC_SDK",
            "static": true,
            "declAttributes": [
              "Final",
              "AccessControl"
            ],
            "funcSelfKind": "NonMutating"
          },
          {
            "kind": "Constructor",
            "name": "init",
            "printedName": "init()",
            "children": [
              {
                "kind": "TypeNominal",
                "name": "NFCController",
                "printedName": "IAR_NFC_SDK.NFCController",
                "usr": "c:@M@IAR_NFC_SDK@objc(cs)NFCController"
              }
            ],
            "declKind": "Constructor",
            "usr": "c:@M@IAR_NFC_SDK@objc(cs)NFCController(im)init",
            "mangledName": "$s11IAR_NFC_SDK13NFCControllerCACycfc",
            "moduleName": "IAR_NFC_SDK",
            "overriding": true,
            "implicit": true,
            "objc_name": "init",
            "declAttributes": [
              "Dynamic",
              "ObjC",
              "Override"
            ],
            "init_kind": "Designated"
          },
          {
            "kind": "Function",
            "name": "readerSession",
            "printedName": "readerSession(_:didDetectNDEFs:)",
            "children": [
              {
                "kind": "TypeNominal",
                "name": "Void",
                "printedName": "()"
              },
              {
                "kind": "TypeNominal",
                "name": "NFCNDEFReaderSession",
                "printedName": "CoreNFC.NFCNDEFReaderSession",
                "usr": "c:objc(cs)NFCNDEFReaderSession"
              },
              {
                "kind": "TypeNominal",
                "name": "Array",
                "printedName": "[CoreNFC.NFCNDEFMessage]",
                "children": [
                  {
                    "kind": "TypeNominal",
                    "name": "NFCNDEFMessage",
                    "printedName": "CoreNFC.NFCNDEFMessage",
                    "usr": "c:objc(cs)NFCNDEFMessage"
                  }
                ],
                "usr": "s:Sa"
              }
            ],
            "declKind": "Func",
            "usr": "c:@CM@IAR_NFC_SDK@objc(cs)NFCController(im)readerSession:didDetectNDEFs:",
            "mangledName": "$s11IAR_NFC_SDK13NFCControllerC13readerSession_14didDetectNDEFsySo013NFCNDEFReaderF0C_SaySo14NFCNDEFMessageCGtF",
            "moduleName": "IAR_NFC_SDK",
            "objc_name": "readerSession:didDetectNDEFs:",
            "declAttributes": [
              "Dynamic",
              "ObjC",
              "AccessControl"
            ],
            "isFromExtension": true,
            "funcSelfKind": "NonMutating"
          },
          {
            "kind": "Function",
            "name": "readerSession",
            "printedName": "readerSession(_:didInvalidateWithError:)",
            "children": [
              {
                "kind": "TypeNominal",
                "name": "Void",
                "printedName": "()"
              },
              {
                "kind": "TypeNominal",
                "name": "NFCNDEFReaderSession",
                "printedName": "CoreNFC.NFCNDEFReaderSession",
                "usr": "c:objc(cs)NFCNDEFReaderSession"
              },
              {
                "kind": "TypeNominal",
                "name": "Error",
                "printedName": "Swift.Error",
                "usr": "s:s5ErrorP"
              }
            ],
            "declKind": "Func",
            "usr": "c:@CM@IAR_NFC_SDK@objc(cs)NFCController(im)readerSession:didInvalidateWithError:",
            "mangledName": "$s11IAR_NFC_SDK13NFCControllerC13readerSession_22didInvalidateWithErrorySo013NFCNDEFReaderF0C_s0J0_ptF",
            "moduleName": "IAR_NFC_SDK",
            "objc_name": "readerSession:didInvalidateWithError:",
            "declAttributes": [
              "Dynamic",
              "ObjC",
              "AccessControl"
            ],
            "isFromExtension": true,
            "funcSelfKind": "NonMutating"
          },
          {
            "kind": "Function",
            "name": "readerSession",
            "printedName": "readerSession(_:didDetect:)",
            "children": [
              {
                "kind": "TypeNominal",
                "name": "Void",
                "printedName": "()"
              },
              {
                "kind": "TypeNominal",
                "name": "NFCNDEFReaderSession",
                "printedName": "CoreNFC.NFCNDEFReaderSession",
                "usr": "c:objc(cs)NFCNDEFReaderSession"
              },
              {
                "kind": "TypeNominal",
                "name": "Array",
                "printedName": "[CoreNFC.NFCNDEFTag]",
                "children": [
                  {
                    "kind": "TypeNominal",
                    "name": "NFCNDEFTag",
                    "printedName": "CoreNFC.NFCNDEFTag",
                    "usr": "c:objc(pl)NFCNDEFTag"
                  }
                ],
                "usr": "s:Sa"
              }
            ],
            "declKind": "Func",
            "usr": "c:@CM@IAR_NFC_SDK@objc(cs)NFCController(im)readerSession:didDetectTags:",
            "mangledName": "$s11IAR_NFC_SDK13NFCControllerC13readerSession_9didDetectySo013NFCNDEFReaderF0C_SaySo10NFCNDEFTag_pGtF",
            "moduleName": "IAR_NFC_SDK",
            "objc_name": "readerSession:didDetectTags:",
            "declAttributes": [
              "Dynamic",
              "ObjC",
              "AccessControl"
            ],
            "isFromExtension": true,
            "funcSelfKind": "NonMutating"
          }
        ],
        "declKind": "Class",
        "usr": "c:@M@IAR_NFC_SDK@objc(cs)NFCController",
        "mangledName": "$s11IAR_NFC_SDK13NFCControllerC",
        "moduleName": "IAR_NFC_SDK",
        "intro_iOS": "13.0",
        "declAttributes": [
          "AccessControl",
          "Available",
          "ObjC"
        ],
        "superclassUsr": "c:objc(cs)NSObject",
        "inheritsConvenienceInitializers": true,
        "superclassNames": [
          "ObjectiveC.NSObject"
        ],
        "conformances": [
          {
            "kind": "Conformance",
            "name": "Equatable",
            "printedName": "Equatable",
            "usr": "s:SQ",
            "mangledName": "$sSQ"
          },
          {
            "kind": "Conformance",
            "name": "Hashable",
            "printedName": "Hashable",
            "usr": "s:SH",
            "mangledName": "$sSH"
          },
          {
            "kind": "Conformance",
            "name": "CVarArg",
            "printedName": "CVarArg",
            "usr": "s:s7CVarArgP",
            "mangledName": "$ss7CVarArgP"
          },
          {
            "kind": "Conformance",
            "name": "_KeyValueCodingAndObservingPublishing",
            "printedName": "_KeyValueCodingAndObservingPublishing",
            "usr": "s:10Foundation37_KeyValueCodingAndObservingPublishingP",
            "mangledName": "$s10Foundation37_KeyValueCodingAndObservingPublishingP"
          },
          {
            "kind": "Conformance",
            "name": "_KeyValueCodingAndObserving",
            "printedName": "_KeyValueCodingAndObserving",
            "usr": "s:10Foundation27_KeyValueCodingAndObservingP",
            "mangledName": "$s10Foundation27_KeyValueCodingAndObservingP"
          },
          {
            "kind": "Conformance",
            "name": "CustomStringConvertible",
            "printedName": "CustomStringConvertible",
            "usr": "s:s23CustomStringConvertibleP",
            "mangledName": "$ss23CustomStringConvertibleP"
          },
          {
            "kind": "Conformance",
            "name": "CustomDebugStringConvertible",
            "printedName": "CustomDebugStringConvertible",
            "usr": "s:s28CustomDebugStringConvertibleP",
            "mangledName": "$ss28CustomDebugStringConvertibleP"
          }
        ]
      }
    ],
    "json_format_version": 8
  },
  "ConstValues": [
    {
      "filePath": "\/Users\/rogerio\/git-iversoft\/iar-sdk-ios\/Framework-NFC-Project\/IAR NFC SDK\/Managers\/NFCController.swift",
      "kind": "StringLiteral",
      "offset": 6136,
      "length": 10,
      "value": "\"Tag Read\""
    }
  ]
}